split,scale,RMSE,MAE,MAPE,Directional_Accuracy
validation,raw_transformed,0.12503850195309738,0.1025202680990012,263.32032775444907,59.375
validation,level,1022213.4303319152,843932.4126846415,10.501380247458169,50.0
test,raw_transformed,0.142316976824128,0.09877632039834404,210.2135118254735,71.875
test,level,1468395.8190296777,1038305.0419922557,9.89973501099216,59.375
