split,scale,RMSE,MAE,MAPE,Directional_Accuracy
test,reconstructed_transformed,0.6001039065666423,0.44484411479861713,133.52214330240116,39.62264150943396
validation,reconstructed_transformed,0.5380320161990497,0.41449392950331293,121.66190239950872,42.592592592592595
