split,scale,RMSE,MAE,MAPE,Directional_Accuracy
validation,raw_transformed,0.554952351524773,0.4367846772937817,138.6874783666038,46.2962962962963
test,raw_transformed,0.7742348158877126,0.617858563290941,298.20963868366385,35.84905660377358
