cause,effect,lag,F_stat,pvalue
US_Retail,Export_US,2,3.4454536292816313,0.03452441972593123
PCE,Export_US,2,1.923010755639638,0.14987559480546098
US_Sentiment,Export_US,2,1.512367622428033,0.223843207810876
Import_CN,Export_US,2,0.7630830950260636,0.4680897538160544
USD_VND,Export_US,2,0.07966761752233789,0.9234636163929012
